Date,StockCode,ATC,Floor,MainIndex,PSGD
2023-04-28,MBS,16.8,HNX,HNX30,CHIU
2023-04-28,LDP,8.0,HNX,NULL,CHIU
2023-04-28,PPP,14.5,HNX,NULL,CHIU
2023-04-28,SVN,3.4,HNX,NULL,CHIU
2023-04-28,AAV,4.3,HNX,NULL,CHIU
2023-04-28,API,12.7,HNX,NULL,CHIU
2023-04-28,SDC,7.7,HNX,NULL,CHIU
2023-04-28,PPE,8.4,HNX,NULL,CHIU
2023-04-28,LIG,3.7,HNX,NULL,CHIU
2023-04-28,TBX,22.3,HNX,NULL,CHIU
2023-04-28,ALT,14.2,HNX,NULL,CHIU
2023-04-28,TDT,7.8,HNX,NULL,CHIU
2023-04-28,NDX,6.9,HNX,NULL,CHIU
2023-04-28,VC3,29.1,HNX,HNX30,CHIU
2023-04-28,DP3,100.0,HNX,HNX30,CHIU
2023-04-28,TKC,1.7,HNX,NULL,CHIU
2023-04-28,TC6,8.6,HNX,NULL,CHIU
2023-04-28,DBT,11.0,HOSE,NULL,CHIU
2023-04-28,DC2,4.2,HNX,NULL,CHIU
2023-04-28,LCD,26.7,HNX,NULL,CHIU
2023-04-28,BSC,13.0,HNX,NULL,CHIU
2023-04-28,NVL,14.3,HOSE,VN30,CHIU
2023-04-28,VCI,31.8,HOSE,NULL,CHIU
2023-04-28,CMG,41.6,HOSE,NULL,CHIU
2023-04-28,GVR,15.55,HOSE,NULL,CHIU
2023-04-28,HU1,6.33,HOSE,NULL,CHIU
2023-04-28,TPC,6.5,HOSE,NULL,CHIU
2023-04-28,TVS,22.4,HOSE,NULL,CHIU
2023-04-28,VIC,52.1,HOSE,VN30,CHIU
2023-04-28,FPT,77.5,HOSE,VN30,CHIU
2023-04-28,DTT,14.0,HOSE,NULL,CHIU
2023-04-28,DXV,3.68,HOSE,NULL,CHIU
2023-04-28,DAT,10.2,HOSE,NULL,CHIU
2023-04-28,THG,46.3,HOSE,NULL,CHIU
2023-04-28,ITD,11.7,HOSE,NULL,CHIU
2023-04-28,SII,15.85,HOSE,NULL,CHIU
2023-04-28,DLG,2.25,HOSE,NULL,CHIU
2023-04-28,VNL,20.35,HOSE,NULL,CHIU
2023-04-28,CIG,3.96,HOSE,NULL,CHIU
2023-04-28,CII,14.45,HOSE,NULL,CHIU
2023-04-28,RDP,6.1,HOSE,NULL,CHIU
2023-04-28,PAC,30.8,HOSE,NULL,CHIU
2023-04-28,QCG,4.08,HOSE,NULL,CHIU
2023-04-28,AAM,11.1,HOSE,NULL,CHIU
2023-04-28,KTT,2.8,HNX,NULL,CHIU
2023-04-28,MSB,11.75,HOSE,NULL,CHIU
2023-04-28,VNR,23.6,HNX,NULL,CHIU
2023-04-28,POW,13.1,HOSE,VN30,CHIU
2023-04-28,DHT,43.6,HNX,HNX30,CHIU
2023-04-28,HNG,3.72,HOSE,NULL,CHIU
2023-04-28,TA9,11.7,HNX,NULL,CHIU
2023-04-28,ASP,5.8,HOSE,NULL,CHIU
2023-04-28,DBD,43.2,HOSE,NULL,CHIU
2023-04-28,BCF,37.6,HNX,NULL,CHIU
2023-04-28,ABS,5.7,HOSE,NULL,CHIU
2023-04-28,LBE,16.9,HNX,NULL,CHIU
2023-04-28,HAP,4.36,HOSE,NULL,CHIU
2023-04-28,UDC,2.97,HOSE,NULL,CHIU
2023-04-28,VPH,4.59,HOSE,NULL,CHIU
2023-04-28,HHS,4.37,HOSE,NULL,CHIU
2023-04-28,DAG,4.88,HOSE,NULL,CHIU
2023-04-28,TCB,29.5,HOSE,VN30,CHIU
2023-04-28,SMB,40.0,HOSE,NULL,CHIU
2023-04-28,BMP,77.4,HOSE,NULL,CHIU
2023-04-28,MCP,21.65,HOSE,NULL,CHIU
2023-04-28,SRC,19.3,HOSE,NULL,CHIU
2023-04-28,NHA,14.55,HOSE,NULL,CHIU
2023-04-28,NDN,9.1,HNX,HNX30,CHIU
2023-04-28,HOM,4.6,HNX,NULL,CHIU
2023-04-28,HCT,5.5,HNX,NULL,CHIU
2023-04-28,PSE,10.2,HNX,NULL,CHIU
2023-04-28,CTG,28.85,HOSE,VN30,CHIU
2023-04-28,LPB,14.0,HOSE,NULL,CHIU
2023-04-28,CTX,7.6,HNX,NULL,CHIU
2023-04-28,SDG,17.6,HNX,NULL,CHIU
2023-04-28,SLS,172.4,HNX,HNX30,CHIU
2023-04-28,X20,7.8,HNX,NULL,CHIU
2023-04-28,CAG,8.0,HNX,NULL,CHIU
2023-04-28,GIC,13.2,HNX,NULL,CHIU
2023-04-28,VHE,2.8,HNX,NULL,CHIU
2023-04-28,SGH,25.8,HNX,NULL,CHIU
2023-04-28,CTB,22.3,HNX,NULL,CHIU
2023-04-28,SD5,6.8,HNX,NULL,CHIU
2023-04-28,KSF,39.8,HNX,NULL,CHIU
2023-04-28,CEO,25.3,HNX,HNX30,CHIU
2023-04-28,KSV,26.0,HNX,NULL,CHIU
2023-04-28,BVS,19.1,HNX,HNX30,CHIU
2023-04-28,EID,21.0,HNX,NULL,CHIU
2023-04-28,MEL,6.0,HNX,NULL,CHIU
2023-04-28,SCG,65.7,HNX,NULL,CHIU
2023-04-28,HVT,55.6,HNX,NULL,CHIU
2023-04-28,IPA,11.3,HNX,NULL,CHIU
2023-04-28,SDN,47.7,HNX,NULL,CHIU
2023-04-28,AME,10.3,HNX,NULL,CHIU
2023-04-28,KSQ,1.5,HNX,NULL,CHIU
2023-04-28,TV4,12.4,HNX,NULL,CHIU
2023-04-28,MBG,5.3,HNX,NULL,CHIU
2023-04-28,HMH,10.3,HNX,NULL,CHIU
2023-04-28,DHP,10.5,HNX,NULL,CHIU
2023-04-28,KMT,7.7,HNX,NULL,CHIU
2023-04-28,PLC,31.4,HNX,NULL,CHIU
2023-04-28,TTL,9.1,HNX,NULL,CHIU
2023-04-28,VDL,17.2,HNX,NULL,CHIU
2023-04-28,CAN,34.8,HNX,NULL,CHIU
2023-04-28,WCS,160.0,HNX,NULL,CHIU
2023-04-28,DIH,28.5,HNX,NULL,CHIU
2023-04-28,CMC,5.9,HNX,NULL,CHIU
2023-04-28,VMS,16.2,HNX,NULL,CHIU
2023-04-28,BKC,6.0,HNX,NULL,CHIU
2023-04-28,TDN,10.8,HNX,NULL,CHIU
2023-04-28,VHL,20.9,HNX,NULL,CHIU
2023-04-28,VE3,10.5,HNX,NULL,CHIU
2023-04-28,MCO,4.2,HNX,NULL,CHIU
2023-04-28,SMN,13.3,HNX,NULL,CHIU
2023-04-28,BTS,5.9,HNX,NULL,CHIU
2023-04-28,PGS,25.9,HNX,NULL,CHIU
2023-04-28,BCC,11.3,HNX,NULL,CHIU
2023-04-28,ADC,15.5,HNX,NULL,CHIU
2023-04-28,TTZ,1.8,HNX,NULL,CHIU
2023-04-28,CTP,3.1,HNX,NULL,CHIU
2023-04-28,CPC,15.5,HNX,NULL,CHIU
2023-04-28,TIG,8.6,HNX,NULL,CHIU
2023-04-28,DAE,19.5,HNX,NULL,CHIU
2023-04-28,NBW,24.8,HNX,NULL,CHIU
2023-04-28,NAG,16.0,HNX,NULL,CHIU
2023-04-28,HTP,40.0,HNX,NULL,CHIU
2023-04-28,BAB,13.5,HNX,NULL,CHIU
2023-04-28,PC1,28.5,HOSE,NULL,CHIU
2023-04-28,QBS,1.85,HOSE,NULL,CHIU
2023-04-28,SFI,32.7,HOSE,NULL,CHIU
2023-04-28,CNG,29.3,HOSE,NULL,CHIU
2023-04-28,PGV,19.3,HOSE,NULL,CHIU
2023-04-28,FTS,28.0,HOSE,NULL,CHIU
2023-04-28,SZC,32.55,HOSE,NULL,CHIU
2023-04-28,SBA,24.35,HOSE,NULL,CHIU
2023-04-28,SZL,53.7,HOSE,NULL,CHIU
2023-04-28,BCE,5.9,HOSE,NULL,CHIU
2023-04-28,DPR,51.5,HOSE,NULL,CHIU
2023-04-28,VTO,8.97,HOSE,NULL,CHIU
2023-04-28,LM8,11.2,HOSE,NULL,CHIU
2023-04-28,KMR,2.81,HOSE,NULL,CHIU
2023-04-28,HRC,54.3,HOSE,NULL,CHIU
2023-04-28,TIP,20.75,HOSE,NULL,CHIU
2023-04-28,DHA,35.75,HOSE,NULL,CHIU
2023-04-28,KSB,24.7,HOSE,NULL,CHIU
2023-04-28,HPG,21.65,HOSE,VN30,CHIU
2023-04-28,MCG,1.78,HOSE,NULL,CHIU
2023-04-28,FUEKIV30,6.98,HOSE,NULL,CHIU
2023-04-28,DRH,5.05,HOSE,NULL,CHIU
2023-04-28,HPX,4.16,HOSE,NULL,CHIU
2023-04-28,LBM,42.8,HOSE,NULL,CHIU
2023-04-28,THI,24.75,HOSE,NULL,CHIU
2023-04-28,DHM,9.49,HOSE,NULL,CHIU
2023-04-28,PVD,20.95,HOSE,NULL,CHIU
2023-04-28,D2D,26.0,HOSE,NULL,CHIU
2023-04-28,DIG,18.7,HOSE,NULL,CHIU
2023-04-28,BAF,20.4,HOSE,NULL,CHIU
2023-04-28,GEG,16.0,HOSE,NULL,CHIU
2023-04-28,FCN,11.25,HOSE,NULL,CHIU
2023-04-28,TMS,50.4,HOSE,NULL,CHIU
2023-04-28,HVN,12.1,HOSE,NULL,CHIU
2023-04-28,TNA,5.31,HOSE,NULL,CHIU
2023-04-28,VRE,27.7,HOSE,VN30,CHIU
2023-04-28,ACG,40.0,HOSE,NULL,CHIU
2023-04-28,REE,66.5,HOSE,VN30,CHIU
2023-04-28,TNI,2.71,HOSE,NULL,CHIU
2023-04-28,NBB,13.1,HOSE,NULL,CHIU
2023-04-28,JVC,3.65,HOSE,NULL,CHIU
2023-04-28,BBC,59.7,HOSE,NULL,CHIU
2023-04-28,VSC,28.15,HOSE,NULL,CHIU
2023-04-28,SMC,10.4,HOSE,NULL,CHIU
2023-04-28,SCR,7.62,HOSE,NULL,CHIU
2023-04-28,FUCVREIT,7.09,HOSE,NULL,CHIU
2023-04-28,VSI,16.85,HOSE,NULL,CHIU
2023-04-28,CMV,9.14,HOSE,NULL,CHIU
2023-04-28,SFC,18.0,HOSE,NULL,CHIU
2023-04-28,ABR,12.5,HOSE,NULL,CHIU
2023-04-28,TIX,34.0,HOSE,NULL,CHIU
2023-04-28,NHC,29.5,HNX,NULL,CHIU
2023-04-28,NET,41.5,HNX,NULL,CHIU
2023-04-28,HEV,35.0,HNX,NULL,CHIU
2023-04-28,CSC,37.2,HNX,NULL,CHIU
2023-04-28,SPC,16.6,HNX,NULL,CHIU
2023-04-28,KVC,1.2,HNX,NULL,CHIU
2023-04-28,NST,5.8,HNX,NULL,CHIU
2023-04-28,PMP,12.2,HNX,NULL,CHIU
2023-04-28,VSM,18.4,HNX,NULL,CHIU
2023-04-28,STP,6.3,HNX,NULL,CHIU
2023-04-28,CLH,29.8,HNX,NULL,CHIU
2023-04-28,VID,5.11,HOSE,NULL,CHIU
2023-04-28,EIB,18.9,HOSE,NULL,CHIU
2023-04-28,PIA,26.0,HNX,NULL,CHIU
2023-04-28,VE1,2.6,HNX,NULL,CHIU
2023-04-28,GDW,25.4,HNX,NULL,CHIU
2023-04-28,CKG,23.15,HOSE,NULL,CHIU
2023-04-28,LAS,9.1,HNX,NULL,CHIU
2023-04-28,TAR,15.2,HNX,NULL,CHIU
2023-04-28,DVG,2.6,HNX,NULL,CHIU
2023-04-28,VAF,9.51,HOSE,NULL,CHIU
2023-04-28,PVP,11.95,HOSE,NULL,CHIU
2023-04-28,FCM,3.95,HOSE,NULL,CHIU
2023-04-28,VCG,19.15,HOSE,HNX30,CHIU
2023-04-28,TMT,18.8,HOSE,NULL,CHIU
2023-04-28,L10,22.25,HOSE,NULL,CHIU
2023-04-28,PET,24.8,HOSE,NULL,CHIU
2023-04-28,ANV,32.35,HOSE,NULL,CHIU
2023-04-28,DXG,13.5,HOSE,NULL,CHIU
2023-04-28,STB,25.3,HOSE,VN30,CHIU
2023-04-28,AMC,18.0,HNX,NULL,CHIU
2023-04-28,VTJ,2.8,HNX,NULL,CHIU
2023-04-28,CRE,7.54,HOSE,NULL,CHIU
2023-04-28,EVS,9.6,HNX,NULL,CHIU
2023-04-28,SHE,10.5,HNX,NULL,CHIU
2023-04-28,VLA,52.0,HNX,NULL,CHIU
2023-04-28,HU3,4.35,HOSE,NULL,CHIU
2023-04-28,POM,4.64,HOSE,NULL,CHIU
2023-04-28,AGM,5.55,HOSE,NULL,CHIU
2023-04-28,SVC,35.35,HOSE,NULL,CHIU
2023-04-28,BTT,32.95,HOSE,NULL,CHIU
2023-04-28,AST,58.5,HOSE,NULL,CHIU
2023-04-28,FUESSV50,16.5,HOSE,NULL,CHIU
2023-04-28,ITC,9.12,HOSE,NULL,CHIU
2023-04-28,CAV,59.0,HOSE,NULL,CHIU
2023-04-28,EMC,10.8,HOSE,NULL,CHIU
2023-04-28,HSG,15.5,HOSE,NULL,CHIU
2023-04-28,TCR,3.38,HOSE,NULL,CHIU
2023-04-28,HTN,13.1,HOSE,NULL,CHIU
2023-04-28,VPD,25.95,HOSE,NULL,CHIU
2023-04-28,VND,14.9,HOSE,NULL,CHIU
2023-04-28,ADS,12.9,HOSE,NULL,CHIU
2023-04-28,TLH,7.0,HOSE,NULL,CHIU
2023-04-28,V21,3.7,HNX,NULL,CHIU
2023-04-28,VNM,70.0,HOSE,VN30,CHIU
2023-04-28,CLM,65.0,HNX,NULL,CHIU
2023-04-28,VIX,7.94,HOSE,NULL,CHIU
2023-04-28,IJC,13.9,HOSE,NULL,CHIU
2023-04-28,BCG,8.37,HOSE,NULL,CHIU
2023-04-28,SCS,65.7,HOSE,NULL,CHIU
2023-04-28,TDW,43.0,HOSE,NULL,CHIU
2023-04-28,DGW,34.3,HOSE,NULL,CHIU
2023-04-28,QTC,12.5,HNX,NULL,CHIU
2023-04-28,THB,12.0,HNX,NULL,CHIU
2023-04-28,VGC,33.35,HOSE,NULL,CHIU
2023-04-28,MAS,35.9,HNX,NULL,CHIU
2023-04-28,TCL,37.25,HOSE,NULL,CHIU
2023-04-28,FUCTVGF3,16.8,HOSE,NULL,CHIU
2023-04-28,HAS,8.56,HOSE,NULL,CHIU
2023-04-28,GIL,23.4,HOSE,NULL,CHIU
2023-04-28,VIF,13.3,HNX,NULL,CHIU
2023-04-28,PCH,4.2,HNX,NULL,CHIU
2023-04-28,KHS,21.7,HNX,NULL,CHIU
2023-04-28,NT2,31.55,HOSE,NULL,CHIU
2023-04-28,SRF,9.79,HOSE,NULL,CHIU
2023-04-28,VFG,35.6,HOSE,NULL,CHIU
2023-04-28,TNC,67.6,HOSE,NULL,CHIU
2023-04-28,TNH,28.3,HOSE,NULL,CHIU
2023-04-28,FUCTVGF4,14.85,HOSE,NULL,CHIU
2023-04-28,PGC,15.8,HOSE,NULL,CHIU
2023-04-28,MBB,18.45,HOSE,VN30,CHIU
2023-04-28,OGC,7.95,HOSE,NULL,CHIU
2023-04-28,EVE,15.2,HOSE,NULL,CHIU
2023-04-28,TTB,2.35,HOSE,NULL,CHIU
2023-04-28,NHH,14.35,HOSE,NULL,CHIU
2023-04-28,SSC,27.75,HOSE,NULL,CHIU
2023-04-28,CSV,30.85,HOSE,NULL,CHIU
2023-04-28,BRC,10.45,HOSE,NULL,CHIU
2023-04-28,CTD,59.0,HOSE,NULL,CHIU
2023-04-28,SJE,27.6,HNX,NULL,CHIU
2023-04-28,BAX,62.0,HNX,NULL,CHIU
2023-04-28,CTF,36.3,HOSE,NULL,CHIU
2023-04-28,APG,7.17,HOSE,NULL,CHIU
2023-04-28,CTI,12.35,HOSE,NULL,CHIU
2023-04-28,PTL,3.41,HOSE,NULL,CHIU
2023-04-28,FUEVFVND,22.7,HOSE,NULL,CHIU
2023-04-28,MED,25.6,HNX,NULL,CHIU
2023-04-28,CET,4.3,HNX,NULL,CHIU
2023-04-28,SRA,3.5,HNX,NULL,CHIU
2023-04-28,KSD,5.8,HNX,NULL,CHIU
2023-04-28,HUT,16.1,HNX,HNX30,CHIU
2023-04-28,SDU,28.0,HNX,NULL,CHIU
2023-04-28,PEN,6.7,HNX,NULL,CHIU
2023-04-28,PCT,6.8,HNX,NULL,CHIU
2023-04-28,HHC,78.0,HNX,NULL,CHIU
2023-04-28,PSI,7.0,HNX,NULL,CHIU
2023-04-28,GLT,20.6,HNX,NULL,CHIU
2023-04-28,HTC,22.5,HNX,NULL,CHIU
2023-04-28,S99,9.8,HNX,NULL,CHIU
2023-04-28,ARM,45.0,HNX,NULL,CHIU
2023-04-28,BLF,3.2,HNX,NULL,CHIU
2023-04-28,SZB,29.1,HNX,NULL,CHIU
2023-04-28,NTP,34.7,HNX,NULL,CHIU
2023-04-28,ATS,11.9,HNX,NULL,CHIU
2023-04-28,BXH,12.6,HNX,NULL,CHIU
2023-04-28,L62,3.7,HNX,NULL,CHIU
2023-04-28,PTD,15.7,HNX,NULL,CHIU
2023-04-28,LHC,50.8,HNX,HNX30,CHIU
2023-04-28,SSM,7.3,HNX,NULL,CHIU
2023-04-28,DAD,18.0,HNX,NULL,CHIU
2023-04-28,TNG,19.7,HNX,HNX30,CHIU
2023-04-28,DST,4.0,HNX,NULL,CHIU
2023-04-28,SBT,17.0,HOSE,VN30,CHIU
2023-04-28,GMC,8.86,HOSE,NULL,CHIU
2023-04-28,D11,12.4,HNX,NULL,CHIU
2023-04-28,CCI,24.4,HOSE,NULL,CHIU
2023-04-28,PVG,8.1,HNX,NULL,CHIU
2023-04-28,VGP,23.6,HNX,NULL,CHIU
2023-04-28,FUEKIVFS,9.27,HOSE,NULL,CHIU
2023-04-28,BWE,43.0,HOSE,NULL,CHIU
2023-04-28,NNC,17.9,HOSE,NULL,CHIU
2023-04-28,TEG,8.7,HOSE,NULL,CHIU
2023-04-28,C47,7.55,HOSE,NULL,CHIU
2023-04-28,L18,29.5,HNX,NULL,CHIU
2023-04-28,CTR,66.5,HOSE,NULL,CHIU
2023-04-28,KDH,29.8,HOSE,VN30,CHIU
2023-04-28,VHC,60.3,HOSE,NULL,CHIU
2023-04-28,TVT,23.5,HOSE,NULL,CHIU
2023-04-28,S4A,35.3,HOSE,NULL,CHIU
2023-04-28,GMX,22.3,HNX,NULL,CHIU
2023-04-28,HSL,5.43,HOSE,NULL,CHIU
2023-04-28,SGD,21.3,HNX,NULL,CHIU
2023-04-28,VNF,9.0,HNX,NULL,CHIU
2023-04-28,VC2,8.2,HNX,NULL,CHIU
2023-04-28,THS,11.4,HNX,NULL,CHIU
2023-04-28,TRC,26.8,HOSE,NULL,CHIU
2023-04-28,PAN,18.6,HOSE,NULL,CHIU
2023-04-28,MST,4.1,HNX,NULL,CHIU
2023-04-28,PDR,14.15,HOSE,VN30,CHIU
2023-04-28,SGT,11.75,HOSE,NULL,CHIU
2023-04-28,TTA,8.75,HOSE,NULL,CHIU
2023-04-28,PGI,26.95,HOSE,NULL,CHIU
2023-04-28,CHP,24.4,HOSE,NULL,CHIU
2023-04-28,SD6,3.0,HNX,NULL,CHIU
2023-04-28,SHA,3.95,HOSE,NULL,CHIU
2023-04-28,BIC,29.2,HOSE,NULL,CHIU
2023-04-28,KOS,37.85,HOSE,NULL,CHIU
2023-04-28,SFG,8.37,HOSE,NULL,CHIU
2023-04-28,HQC,4.52,HOSE,NULL,CHIU
2023-04-28,SHS,10.1,HNX,HNX30,CHIU
2023-04-28,TBC,34.9,HOSE,NULL,CHIU
2023-04-28,TVC,4.9,HNX,HNX30,CHIU
2023-04-28,SCD,17.5,HOSE,NULL,CHIU
2023-04-28,DNP,23.3,HNX,NULL,CHIU
2023-04-28,ELC,13.2,HOSE,NULL,CHIU
2023-04-28,ONE,5.0,HNX,NULL,CHIU
2023-04-28,BTP,13.0,HOSE,NULL,CHIU
2023-04-28,SBV,10.45,HOSE,NULL,CHIU
2023-04-28,MSN,73.1,HOSE,VN30,CHIU
2023-04-28,HJS,34.7,HNX,NULL,CHIU
2023-04-28,TCH,7.84,HOSE,VN30,CHIU
2023-04-28,HAH,41.0,HOSE,NULL,CHIU
2023-04-28,SD4,2.7,HNX,NULL,CHIU
2023-04-28,FIT,4.37,HOSE,NULL,CHIU
2023-04-28,VE2,6.5,HNX,NULL,CHIU
2023-04-28,KHP,9.39,HOSE,NULL,CHIU
2023-04-28,FID,1.5,HNX,NULL,CHIU
2023-04-28,SCI,9.4,HNX,NULL,CHIU
2023-04-28,TDM,38.1,HOSE,NULL,CHIU
2023-04-28,TTE,10.2,HOSE,NULL,CHIU
2023-04-28,UIC,32.5,HOSE,NULL,CHIU
2023-04-28,VCA,9.28,HOSE,NULL,CHIU
2023-04-28,VNS,18.2,HOSE,NULL,CHIU
2023-04-28,TSC,3.7,HOSE,NULL,CHIU
2023-04-28,KBC,25.8,HOSE,NULL,CHIU
2023-04-28,PLP,4.4,HOSE,NULL,CHIU
2023-04-28,SSB,31.95,HOSE,NULL,CHIU
2023-04-28,CCL,6.15,HOSE,NULL,CHIU
2023-04-28,VIB,20.5,HOSE,NULL,CHIU
2023-04-28,MAC,8.3,HNX,NULL,CHIU
2023-04-28,DQC,17.9,HOSE,NULL,CHIU
2023-04-28,SMT,9.7,HNX,NULL,CHIU
2023-04-28,SGR,17.0,HOSE,NULL,CHIU
2023-04-28,ADG,34.8,HOSE,NULL,CHIU
2023-04-28,GTA,13.5,HOSE,NULL,CHIU
2023-04-28,TN1,17.0,HOSE,NULL,CHIU
2023-04-28,PDN,148.1,HOSE,NULL,CHIU
2023-04-28,HT1,13.75,HOSE,NULL,CHIU
2023-04-28,HTL,18.9,HOSE,NULL,CHIU
2023-04-28,AGR,11.5,HOSE,NULL,CHIU
2023-04-28,VNE,10.8,HOSE,NULL,CHIU
2023-04-28,AAA,10.5,HOSE,NULL,CHIU
2023-04-28,IVS,5.8,HNX,NULL,CHIU
2023-04-28,GMD,52.6,HOSE,NULL,CHIU
2023-04-28,NTL,22.7,HOSE,NULL,CHIU
2023-04-28,KLF,0.8,HNX,HNX30,CHIU
2023-04-28,CKV,12.0,HNX,NULL,CHIU
2023-04-28,HII,4.87,HOSE,NULL,CHIU
2023-04-28,PSW,7.5,HNX,NULL,CHIU
2023-04-28,PGN,8.3,HNX,NULL,CHIU
2023-04-28,IMP,51.9,HOSE,NULL,CHIU
2023-04-28,LM7,2.1,HNX,NULL,CHIU
2023-04-28,TCM,52.7,HOSE,NULL,CHIU
2023-04-28,PSH,8.56,HOSE,NULL,CHIU
2023-04-28,VTH,8.0,HNX,NULL,CHIU
2023-04-28,SJF,2.86,HOSE,NULL,CHIU
2023-04-28,VJC,97.0,HOSE,VN30,CHIU
2023-04-28,VPI,51.9,HOSE,NULL,CHIU
2023-04-28,HVX,2.88,HOSE,NULL,CHIU
2023-04-28,SMA,6.8,HOSE,NULL,CHIU
2023-04-28,TPB,23.8,HOSE,VN30,CHIU
2023-04-28,FUESSV30,13.35,HOSE,NULL,CHIU
2023-04-28,SSI,21.55,HOSE,VN30,CHIU
2023-04-28,PMG,11.4,HOSE,NULL,CHIU
2023-04-28,APC,12.4,HOSE,NULL,CHIU
2023-04-28,PRC,22.8,HNX,NULL,CHIU
2023-04-28,NTH,55.6,HNX,NULL,CHIU
2023-04-28,BTW,29.3,HNX,NULL,CHIU
2023-04-28,CTT,13.8,HNX,NULL,CHIU
2023-04-28,ART,1.3,HNX,NULL,CHIU
2023-04-28,ICG,4.4,HNX,NULL,CHIU
2023-04-28,VNT,60.8,HNX,NULL,CHIU
2023-04-28,TKG,14.0,HNX,NULL,CHIU
2023-04-28,THT,12.4,HNX,NULL,CHIU
2023-04-28,PHN,39.5,HNX,NULL,CHIU
2023-04-28,TMB,28.8,HNX,NULL,CHIU
2023-04-28,POT,15.4,HNX,NULL,CHIU
2023-04-28,CTC,1.6,HNX,NULL,CHIU
2023-04-28,BST,20.4,HNX,NULL,CHIU
2023-04-28,GMA,44.4,HNX,NULL,CHIU
2023-04-28,PSD,13.4,HNX,NULL,CHIU
2023-04-28,CCR,11.1,HNX,NULL,CHIU
2023-04-28,AMV,4.6,HNX,NULL,CHIU
2023-04-28,PTI,30.1,HNX,NULL,CHIU
2023-04-28,HMR,6.8,HNX,NULL,CHIU
2023-04-28,SD9,6.8,HNX,NULL,CHIU
2023-04-28,L40,26.8,HNX,NULL,CHIU
2023-04-28,IDJ,13.3,HNX,NULL,CHIU
2023-04-28,WSS,5.1,HNX,NULL,CHIU
2023-04-28,DDG,9.0,HNX,HNX30,CHIU
2023-04-28,DNC,32.9,HNX,NULL,CHIU
2023-04-28,PV2,2.0,HNX,NULL,CHIU
2023-04-28,VC6,7.9,HNX,NULL,CHIU
2023-04-28,PMS,24.1,HNX,NULL,CHIU
2023-04-28,VC7,7.0,HNX,NULL,CHIU
2023-04-28,PPY,9.4,HNX,NULL,CHIU
2023-04-28,TMC,10.2,HNX,NULL,CHIU
2023-04-28,SJ1,14.5,HNX,NULL,CHIU
2023-04-28,HDA,4.5,HNX,NULL,CHIU
2023-04-28,DTK,9.8,HNX,NULL,CHIU
2023-04-28,VC9,4.8,HNX,NULL,CHIU
2023-04-28,DXP,9.7,HNX,NULL,CHIU
2023-04-28,SDA,6.0,HNX,NULL,CHIU
2023-04-28,PVB,13.3,HNX,HNX30,CHIU
2023-04-28,GKM,38.0,HNX,NULL,CHIU
2023-04-28,L43,4.9,HNX,NULL,CHIU
2023-04-28,DZM,2.9,HNX,NULL,CHIU
2023-04-28,TVD,14.4,HNX,NULL,CHIU
2023-04-28,CJC,27.0,HNX,NULL,CHIU
2023-04-28,BII,1.2,HNX,NULL,CHIU
2023-04-28,PBP,10.9,HNX,NULL,CHIU
2023-04-28,VTZ,9.5,HNX,NULL,CHIU
2023-04-28,VTC,13.0,HNX,NULL,CHIU
2023-04-28,NBP,14.5,HNX,NULL,CHIU
2023-04-28,RAL,97.7,HOSE,NULL,CHIU
2023-04-28,DCM,23.7,HOSE,NULL,CHIU
2023-04-28,TCD,8.5,HOSE,NULL,CHIU
2023-04-28,APS,13.2,HNX,NULL,CHIU
2023-04-28,SKG,18.6,HOSE,NULL,CHIU
2023-04-28,PVC,15.7,HNX,HNX30,CHIU
2023-04-28,IBC,2.63,HOSE,NULL,CHIU
2023-04-28,ASM,8.55,HOSE,NULL,CHIU
2023-04-28,TYA,11.3,HOSE,NULL,CHIU
2023-04-28,HBC,8.17,HOSE,NULL,CHIU
2023-04-28,CTS,16.6,HOSE,NULL,CHIU
2023-04-28,HCM,24.95,HOSE,NULL,CHIU
2023-04-28,TJC,14.0,HNX,NULL,CHIU
2023-04-28,HDG,33.7,HOSE,NULL,CHIU
2023-04-28,LGL,3.19,HOSE,NULL,CHIU
2023-04-28,CRC,4.75,HOSE,NULL,CHIU
2023-04-28,NFC,13.3,HNX,NULL,CHIU
2023-04-28,VOS,10.7,HOSE,NULL,CHIU
2023-04-28,NSH,4.4,HNX,NULL,CHIU
2023-04-28,HAT,26.6,HNX,NULL,CHIU
2023-04-28,KDC,63.9,HOSE,NULL,CHIU
2023-04-28,INN,38.0,HNX,NULL,CHIU
2023-04-28,STK,28.7,HOSE,NULL,CHIU
2023-04-28,QST,9.2,HNX,NULL,CHIU
2023-04-28,VNG,8.82,HOSE,NULL,CHIU
2023-04-28,PHC,5.8,HOSE,NULL,CHIU
2023-04-28,SJD,14.5,HOSE,NULL,CHIU
2023-04-28,HTV,9.91,HOSE,NULL,CHIU
2023-04-28,PPC,15.35,HOSE,NULL,CHIU
2023-04-28,HAG,7.62,HOSE,NULL,CHIU
2023-04-28,BID,43.5,HOSE,VN30,CHIU
2023-04-28,ITA,4.03,HOSE,NULL,CHIU
2023-04-28,UNI,8.5,HNX,NULL,CHIU
2023-04-28,TGG,3.6,HOSE,NULL,CHIU
2023-04-28,DHC,40.1,HOSE,NULL,CHIU
2023-04-28,DAH,3.89,HOSE,NULL,CHIU
2023-04-28,HGM,50.0,HNX,NULL,CHIU
2023-04-28,ILB,35.0,HOSE,NULL,CHIU
2023-04-28,DL1,3.5,HNX,NULL,CHIU
2023-04-28,ICT,12.9,HOSE,NULL,CHIU
2023-04-28,SAV,15.0,HOSE,NULL,CHIU
2023-04-28,HAX,17.75,HOSE,NULL,CHIU
2023-04-28,DCL,23.5,HOSE,NULL,CHIU
2023-04-28,OPC,23.0,HOSE,NULL,CHIU
2023-04-28,KHG,5.54,HOSE,NULL,CHIU
2023-04-28,TSB,36.0,HNX,NULL,CHIU
2023-04-28,TDC,10.3,HOSE,NULL,CHIU
2023-04-28,GDT,30.9,HOSE,NULL,CHIU
2023-04-28,SHI,13.9,HOSE,NULL,CHIU
2023-04-28,SVT,12.05,HOSE,NULL,CHIU
2023-04-28,SPI,2.4,HNX,NULL,CHIU
2023-04-28,ECI,27.8,HNX,NULL,CHIU
2023-04-28,MVB,17.7,HNX,NULL,CHIU
2023-04-28,CDN,25.8,HNX,NULL,CHIU
2023-04-28,KDM,13.7,HNX,NULL,CHIU
2023-04-28,VSA,22.5,HNX,NULL,CHIU
2023-04-28,SEB,43.2,HNX,NULL,CHIU
2023-04-28,VGS,12.5,HNX,HNX30,CHIU
2023-04-28,CMS,5.5,HNX,NULL,CHIU
2023-04-28,MHL,4.4,HNX,NULL,CHIU
2023-04-28,HCC,11.0,HNX,NULL,CHIU
2023-04-28,TET,27.6,HNX,NULL,CHIU
2023-04-28,CVN,3.2,HNX,NULL,CHIU
2023-04-28,MCC,9.1,HNX,NULL,CHIU
2023-04-28,VMC,9.3,HNX,HNX30,CHIU
2023-04-28,NVB,13.5,HNX,NULL,CHIU
2023-04-28,SAF,54.3,HNX,NULL,CHIU
2023-04-28,PJC,23.4,HNX,NULL,CHIU
2023-04-28,HKT,6.9,HNX,NULL,CHIU
2023-04-28,PIC,14.2,HNX,NULL,CHIU
2023-04-28,C69,5.4,HNX,NULL,CHIU
2023-04-28,BPC,9.4,HNX,NULL,CHIU
2023-04-28,THD,39.5,HNX,NULL,CHIU
2023-04-28,TTT,69.3,HNX,NULL,CHIU
2023-04-28,STC,20.0,HNX,NULL,CHIU
2023-04-28,MDC,12.5,HNX,NULL,CHIU
2023-04-28,ACB,24.2,HOSE,HNX30,CHIU
2023-04-28,BDB,9.2,HNX,NULL,CHIU
2023-04-28,BSI,29.2,HOSE,NULL,CHIU
2023-04-28,BMC,13.2,HOSE,NULL,CHIU
2023-04-28,BMI,22.85,HOSE,NULL,CHIU
2023-04-28,ASG,23.4,HOSE,NULL,CHIU
2023-04-28,SHB,11.2,HOSE,HNX30,CHIU
2023-04-28,HTI,16.8,HOSE,NULL,CHIU
2023-04-28,KST,14.0,HNX,NULL,CHIU
2023-04-28,DGC,51.5,HOSE,NULL,CHIU
2023-04-28,SDT,2.9,HNX,NULL,CHIU
2023-04-28,TCO,7.49,HOSE,NULL,CHIU
2023-04-28,RCL,12.8,HNX,NULL,CHIU
2023-04-28,TDG,3.35,HOSE,NULL,CHIU
2023-04-28,ORS,12.45,HOSE,NULL,CHIU
2023-04-28,VCB,90.5,HOSE,VN30,CHIU
2023-04-28,GEX,13.15,HOSE,NULL,CHIU
2023-04-28,TCT,25.1,HOSE,NULL,CHIU
2023-04-28,YEG,10.2,HOSE,NULL,CHIU
2023-04-28,VPG,12.6,HOSE,NULL,CHIU
2023-04-28,DBC,14.65,HOSE,NULL,CHIU
2023-04-28,LSS,11.3,HOSE,NULL,CHIU
2023-04-28,DPM,33.6,HOSE,NULL,CHIU
2023-04-28,VTB,12.35,HOSE,NULL,CHIU
2023-04-28,PHR,41.25,HOSE,NULL,CHIU
2023-04-28,LAF,11.85,HOSE,NULL,CHIU
2023-04-28,DRC,20.9,HOSE,NULL,CHIU
2023-04-28,MDG,12.6,HOSE,NULL,CHIU
2023-04-28,PJT,9.7,HOSE,NULL,CHIU
2023-04-28,TTF,4.35,HOSE,NULL,CHIU
2023-04-28,C32,19.35,HOSE,NULL,CHIU
2023-04-28,TV2,27.4,HOSE,NULL,CHIU
2023-04-28,CIA,11.7,HNX,NULL,CHIU
2023-04-28,ST8,15.7,HOSE,NULL,CHIU
2023-04-28,APH,8.1,HOSE,NULL,CHIU
2023-04-28,DVP,49.9,HOSE,NULL,CHIU
2023-04-28,PVT,20.4,HOSE,NULL,CHIU
2023-04-28,NSC,70.4,HOSE,NULL,CHIU
2023-04-28,PDB,9.8,HNX,NULL,CHIU
2023-04-28,TXM,3.4,HNX,NULL,CHIU
2023-04-28,TV3,14.6,HNX,NULL,CHIU
2023-04-28,NLG,33.4,HOSE,NULL,CHIU
2023-04-28,PLX,37.45,HOSE,VN30,CHIU
2023-04-28,PTC,5.06,HOSE,NULL,CHIU
2023-04-28,EBS,9.5,HNX,NULL,CHIU
2023-04-28,TPH,16.2,HNX,NULL,CHIU
2023-04-28,BBS,11.0,HNX,NULL,CHIU
2023-04-28,DTD,18.1,HNX,HNX30,CHIU
2023-04-28,NRC,4.7,HNX,HNX30,CHIU
2023-04-28,PCG,5.9,HNX,NULL,CHIU
2023-04-28,HBS,5.6,HNX,NULL,CHIU
2023-04-28,INC,34.2,HNX,NULL,CHIU
2023-04-28,TDH,3.14,HOSE,NULL,CHIU
2023-04-28,HMC,9.88,HOSE,NULL,CHIU
2023-04-28,TDP,32.8,HOSE,NULL,CHIU
2023-04-28,VIP,11.55,HOSE,NULL,CHIU
2023-04-28,IDV,28.9,HNX,NULL,CHIU
2023-04-28,CLL,30.15,HOSE,NULL,CHIU
2023-04-28,LHG,25.3,HOSE,NULL,CHIU
2023-04-28,CX8,5.6,HNX,NULL,CHIU
2023-04-28,GSP,10.4,HOSE,NULL,CHIU
2023-04-28,SIC,39.6,HNX,NULL,CHIU
2023-04-28,LIX,43.0,HOSE,NULL,CHIU
2023-04-28,NO1,7.83,HOSE,NULL,CHIU
2023-04-28,MHC,3.9,HOSE,NULL,CHIU
2023-04-28,FDC,18.0,HOSE,NULL,CHIU
2023-04-28,HDB,18.8,HOSE,VN30,CHIU
2023-04-28,EVG,3.37,HOSE,NULL,CHIU
2023-04-28,IDC,38.6,HNX,NULL,CHIU
2023-04-28,PGT,2.9,HNX,NULL,CHIU
2023-04-28,PVS,25.3,HNX,HNX30,CHIU
2023-04-28,TVB,4.23,HOSE,NULL,CHIU
2023-04-28,PNC,9.9,HOSE,NULL,CHIU
2023-04-28,PVI,50.0,HNX,HNX30,CHIU
2023-04-28,NBC,11.5,HNX,HNX30,CHIU
2023-04-28,PIT,4.51,HOSE,NULL,CHIU
2023-04-28,DRL,66.0,HOSE,NULL,CHIU
2023-04-28,SPM,13.05,HOSE,NULL,CHIU
2023-04-28,OCH,7.4,HNX,NULL,CHIU
2023-04-28,TOT,14.0,HNX,NULL,CHIU
2023-04-28,CLW,31.0,HOSE,NULL,CHIU
2023-04-28,BFC,16.4,HOSE,NULL,CHIU
2023-04-28,CLC,35.15,HOSE,NULL,CHIU
2023-04-28,DTL,32.5,HOSE,NULL,CHIU
2023-04-28,SHP,28.0,HOSE,NULL,CHIU
2023-04-28,L61,4.1,HNX,NULL,CHIU
2023-04-28,PMC,66.9,HNX,NULL,CHIU
2023-04-28,HLD,35.6,HNX,NULL,CHIU
2023-04-28,VCC,13.7,HNX,NULL,CHIU
2023-04-28,PCE,24.4,HNX,NULL,CHIU
2023-04-28,LGC,60.0,HOSE,NULL,CHIU
2023-04-28,TMP,54.6,HOSE,NULL,CHIU
2023-04-28,SVD,2.91,HOSE,NULL,CHIU
2023-04-28,SVI,56.7,HOSE,NULL,CHIU
2023-04-28,TLG,54.5,HOSE,NULL,CHIU
2023-04-28,VMD,25.1,HOSE,NULL,CHIU
2023-04-28,BED,39.9,HNX,NULL,CHIU
2023-04-28,VNC,38.5,HNX,NULL,CHIU
2023-04-28,VE8,5.0,HNX,NULL,CHIU
2023-04-28,BCM,78.7,HOSE,NULL,CHIU
2023-04-28,GMH,10.3,HOSE,NULL,CHIU
2023-04-28,AAT,5.01,HOSE,NULL,CHIU
2023-04-28,VDS,10.1,HOSE,NULL,CHIU
2023-04-28,FUEMAVND,9.34,HOSE,NULL,CHIU
2023-04-28,HLC,10.8,HNX,NULL,CHIU
2023-04-28,NVT,7.55,HOSE,NULL,CHIU
2023-04-28,SAM,6.08,HOSE,NULL,CHIU
2023-04-28,TTH,2.0,HNX,NULL,CHIU
2023-04-28,DTC,5.0,HNX,NULL,CHIU
2023-04-28,ABT,32.75,HOSE,NULL,CHIU
2023-04-28,TKU,12.1,HNX,NULL,CHIU
2023-04-28,FIR,42.4,HOSE,NULL,CHIU
2023-04-28,MIM,4.2,HNX,NULL,CHIU
2023-04-28,HCD,6.49,HOSE,NULL,CHIU
2023-04-28,VC1,8.2,HNX,NULL,CHIU
2023-04-28,VHM,49.5,HOSE,VN30,CHIU
2023-04-28,FUESSVFL,15.97,HOSE,NULL,CHIU
2023-04-28,STG,55.0,HOSE,NULL,CHIU
2023-04-28,TNT,3.83,HOSE,NULL,CHIU
2023-04-28,VSH,41.5,HOSE,NULL,CHIU
2023-04-28,YBM,6.24,HOSE,NULL,CHIU
2023-04-28,DMC,43.3,HOSE,NULL,CHIU
2023-04-28,VRC,8.24,HOSE,NULL,CHIU
2023-04-28,FRT,63.8,HOSE,NULL,CHIU
2023-04-28,HHV,12.85,HOSE,NULL,CHIU
2023-04-28,DC4,7.0,HOSE,NULL,CHIU
2023-04-28,SAB,172.0,HOSE,NULL,CHIU
2023-04-28,CMX,8.39,HOSE,NULL,CHIU
2023-04-28,DPG,31.95,HOSE,NULL,CHIU
2023-04-28,TRA,90.0,HOSE,NULL,CHIU
2023-04-28,FUEMAV30,12.43,HOSE,NULL,CHIU
2023-04-28,LCG,11.75,HOSE,NULL,CHIU
2023-04-28,EVF,7.64,HOSE,NULL,CHIU
2023-04-28,CSM,13.95,HOSE,NULL,CHIU
2023-04-28,LEC,5.73,HOSE,NULL,CHIU
2023-04-28,PPS,11.0,HNX,NULL,CHIU
2023-04-28,LUT,1.7,HNX,NULL,CHIU
2023-04-28,DVM,17.9,HNX,NULL,CHIU
2023-04-28,NAP,7.4,HNX,NULL,CHIU
2023-04-28,VTV,4.5,HNX,NULL,CHIU
2023-04-28,SGC,78.6,HNX,NULL,CHIU
2023-04-28,VIG,6.2,HNX,NULL,CHIU
2023-04-28,PRE,17.0,HNX,NULL,CHIU
2023-04-28,TPP,11.4,HNX,NULL,CHIU
2023-04-28,PTS,10.0,HNX,NULL,CHIU
2023-04-28,TMX,12.0,HNX,NULL,CHIU
2023-04-28,VCM,22.0,HNX,NULL,CHIU
2023-04-28,QHD,36.7,HNX,NULL,CHIU
2023-04-28,SHN,7.5,HNX,NULL,CHIU
2023-04-28,L14,49.2,HNX,HNX30,CHIU
2023-04-28,VCS,50.4,HNX,HNX30,CHIU
2023-04-28,KKC,5.4,HNX,NULL,CHIU
2023-04-28,V12,10.7,HNX,NULL,CHIU
2023-04-28,HAD,16.0,HNX,NULL,CHIU
2023-04-28,DNM,14.1,HNX,NULL,CHIU
2023-04-28,VE4,110.0,HNX,NULL,CHIU
2023-04-28,VIT,18.3,HNX,NULL,CHIU
2023-04-28,ACL,11.65,HOSE,NULL,CHIU
2023-04-28,SED,21.9,HNX,NULL,CHIU
2023-04-28,VTL,12.2,HNX,NULL,CHIU
2023-04-28,L35,2.2,HNX,NULL,CHIU
2023-04-28,NAV,17.6,HOSE,NULL,CHIU
2023-04-28,S55,50.5,HNX,NULL,CHIU
2023-04-28,AGG,28.5,HOSE,NULL,CHIU
2023-04-28,IDI,11.35,HOSE,NULL,CHIU
2023-04-28,HAR,3.86,HOSE,NULL,CHIU
2023-04-28,OCB,15.65,HOSE,NULL,CHIU
2023-04-28,FUEVN100,13.35,HOSE,NULL,CHIU
2023-04-28,VBC,19.0,HNX,NULL,CHIU
2023-04-28,ITQ,2.3,HNX,NULL,CHIU
2023-04-28,PMB,10.0,HNX,NULL,CHIU
2023-04-28,E1VFVN30,18.2,HOSE,NULL,CHIU
2023-04-28,VCF,205.0,HOSE,NULL,CHIU
2023-04-28,HHP,12.0,HOSE,NULL,CHIU
2023-04-28,HID,2.89,HOSE,NULL,CHIU
2023-04-28,HVH,6.14,HOSE,NULL,CHIU
2023-04-28,MIG,17.35,HOSE,NULL,CHIU
2023-04-28,NKG,14.55,HOSE,NULL,CHIU
2023-04-28,MWG,39.2,HOSE,VN30,CHIU
2023-04-28,FUEIP100,7.35,HOSE,NULL,CHIU
2023-04-28,DSN,58.8,HOSE,NULL,CHIU
2023-04-28,DTA,5.0,HOSE,NULL,CHIU
2023-04-28,LDG,4.15,HOSE,NULL,CHIU
2023-04-28,PGD,36.2,HOSE,NULL,CHIU
2023-04-28,NCT,85.0,HOSE,NULL,CHIU
2023-04-28,KTS,24.8,HNX,NULL,CHIU
2023-04-28,PNJ,77.0,HOSE,VN30,CHIU
2023-04-28,TTC,10.1,HNX,NULL,CHIU
2023-04-28,NAF,12.35,HOSE,NULL,CHIU
2023-04-28,DXS,6.54,HOSE,NULL,CHIU
2023-04-28,BHN,43.1,HOSE,NULL,CHIU
2023-04-28,TLD,3.14,HOSE,NULL,CHIU
2023-04-28,VPS,9.02,HOSE,NULL,CHIU
2023-04-28,BVH,44.9,HOSE,VN30,CHIU
2023-04-28,SJS,41.5,HOSE,NULL,CHIU
2023-04-28,KPF,9.09,HOSE,NULL,CHIU
2023-04-28,ACC,13.95,HOSE,NULL,CHIU
2023-04-28,CDC,18.85,HOSE,NULL,CHIU
2023-04-28,FUEDCMID,8.5,HOSE,NULL,CHIU
2023-04-28,BNA,10.3,HNX,NULL,CHIU
2023-04-28,DS3,5.7,HNX,NULL,CHIU
2023-04-28,VDP,37.2,HOSE,NULL,CHIU
2023-04-28,SGN,74.0,HOSE,NULL,CHIU
2023-04-28,SC5,21.4,HOSE,NULL,CHIU
2023-04-28,MSH,33.7,HOSE,NULL,CHIU
2023-04-28,CVT,39.0,HOSE,NULL,CHIU
2023-04-28,TFC,6.0,HNX,NULL,CHIU
2023-04-28,DPC,11.4,HNX,NULL,CHIU
2023-04-28,GAB,196.4,HOSE,NULL,CHIU
2023-04-28,GAS,92.8,HOSE,VN30,CHIU
2023-04-28,PTB,43.8,HOSE,NULL,CHIU
2023-04-28,HDC,34.95,HOSE,NULL,CHIU
2023-04-28,VPB,19.9,HOSE,VN30,CHIU
2023-04-28,HUB,15.3,HOSE,NULL,CHIU
2023-04-28,BKG,3.69,HOSE,NULL,CHIU
2023-04-28,AMD,1.11,HOSE,NULL,CHIU
2023-04-28,PSC,12.1,HNX,NULL,CHIU
2023-04-28,MKV,11.3,HNX,NULL,CHIU
2023-04-28,SFN,16.3,HNX,NULL,CHIU
2023-04-28,FMC,42.0,HOSE,NULL,CHIU
2023-04-28,COM,32.2,HOSE,NULL,CHIU
2023-04-28,CAP,91.5,HNX,HNX30,CHIU
2023-04-28,NHT,14.3,HOSE,NULL,CHIU
2023-04-28,DHG,105.8,HOSE,NULL,CHIU
2023-04-28,MCF,8.1,HNX,NULL,CHIU
